NGenes,Direction,PValue,FDR,pathway
29,Down,0.0531383271636764,0.159414981491029,hsa00020_TCA
30,Up,0.234865957766087,0.352298936649131,hsa00030_PPP
64,Up,0.968035530994963,0.968035530994963,hsa00010_Glycolysis
