NGenes,Direction,PValue,FDR,pathway
29,Down,0.0533421497774358,0.160026449332307,hsa00020_TCA
30,Up,0.23487264120963,0.352308961814445,hsa00030_PPP
64,Up,0.968495056069804,0.968495056069804,hsa00010_Glycolysis
