NGenes,Direction,PValue,FDR,pathway
29,Down,0.0490159062672418,0.147047718801725,hsa00020_TCA
30,Up,0.247701605706593,0.371552408559889,hsa00030_PPP
64,Down,0.9818355426398,0.9818355426398,hsa00010_Glycolysis
